Name,Image_Path,Mask_Path
normal (1).png,normal/normal (1).png,normal/normal (1)_mask.png
normal (10).png,normal/normal (10).png,normal/normal (10)_mask.png
normal (100).png,normal/normal (100).png,normal/normal (100)_mask.png
normal (101).png,normal/normal (101).png,normal/normal (101)_mask.png
normal (102).png,normal/normal (102).png,normal/normal (102)_mask.png
normal (103).png,normal/normal (103).png,normal/normal (103)_mask.png
normal (104).png,normal/normal (104).png,normal/normal (104)_mask.png
normal (105).png,normal/normal (105).png,normal/normal (105)_mask.png
normal (106).png,normal/normal (106).png,normal/normal (106)_mask.png
normal (107).png,normal/normal (107).png,normal/normal (107)_mask.png
normal (108).png,normal/normal (108).png,normal/normal (108)_mask.png
normal (109).png,normal/normal (109).png,normal/normal (109)_mask.png
normal (11).png,normal/normal (11).png,normal/normal (11)_mask.png
normal (110).png,normal/normal (110).png,normal/normal (110)_mask.png
normal (111).png,normal/normal (111).png,normal/normal (111)_mask.png
normal (112).png,normal/normal (112).png,normal/normal (112)_mask.png
normal (113).png,normal/normal (113).png,normal/normal (113)_mask.png
normal (114).png,normal/normal (114).png,normal/normal (114)_mask.png
normal (115).png,normal/normal (115).png,normal/normal (115)_mask.png
normal (116).png,normal/normal (116).png,normal/normal (116)_mask.png
normal (117).png,normal/normal (117).png,normal/normal (117)_mask.png
normal (118).png,normal/normal (118).png,normal/normal (118)_mask.png
normal (119).png,normal/normal (119).png,normal/normal (119)_mask.png
normal (12).png,normal/normal (12).png,normal/normal (12)_mask.png
normal (120).png,normal/normal (120).png,normal/normal (120)_mask.png
normal (121).png,normal/normal (121).png,normal/normal (121)_mask.png
normal (122).png,normal/normal (122).png,normal/normal (122)_mask.png
normal (123).png,normal/normal (123).png,normal/normal (123)_mask.png
normal (124).png,normal/normal (124).png,normal/normal (124)_mask.png
normal (125).png,normal/normal (125).png,normal/normal (125)_mask.png
normal (126).png,normal/normal (126).png,normal/normal (126)_mask.png
normal (127).png,normal/normal (127).png,normal/normal (127)_mask.png
normal (128).png,normal/normal (128).png,normal/normal (128)_mask.png
normal (129).png,normal/normal (129).png,normal/normal (129)_mask.png
normal (13).png,normal/normal (13).png,normal/normal (13)_mask.png
normal (130).png,normal/normal (130).png,normal/normal (130)_mask.png
normal (131).png,normal/normal (131).png,normal/normal (131)_mask.png
normal (132).png,normal/normal (132).png,normal/normal (132)_mask.png
normal (133).png,normal/normal (133).png,normal/normal (133)_mask.png
normal (14).png,normal/normal (14).png,normal/normal (14)_mask.png
normal (15).png,normal/normal (15).png,normal/normal (15)_mask.png
normal (16).png,normal/normal (16).png,normal/normal (16)_mask.png
normal (17).png,normal/normal (17).png,normal/normal (17)_mask.png
normal (18).png,normal/normal (18).png,normal/normal (18)_mask.png
normal (19).png,normal/normal (19).png,normal/normal (19)_mask.png
normal (2).png,normal/normal (2).png,normal/normal (2)_mask.png
normal (20).png,normal/normal (20).png,normal/normal (20)_mask.png
normal (21).png,normal/normal (21).png,normal/normal (21)_mask.png
normal (22).png,normal/normal (22).png,normal/normal (22)_mask.png
normal (23).png,normal/normal (23).png,normal/normal (23)_mask.png
normal (24).png,normal/normal (24).png,normal/normal (24)_mask.png
normal (25).png,normal/normal (25).png,normal/normal (25)_mask.png
normal (26).png,normal/normal (26).png,normal/normal (26)_mask.png
normal (27).png,normal/normal (27).png,normal/normal (27)_mask.png
normal (28).png,normal/normal (28).png,normal/normal (28)_mask.png
normal (29).png,normal/normal (29).png,normal/normal (29)_mask.png
normal (3).png,normal/normal (3).png,normal/normal (3)_mask.png
normal (30).png,normal/normal (30).png,normal/normal (30)_mask.png
normal (31).png,normal/normal (31).png,normal/normal (31)_mask.png
normal (32).png,normal/normal (32).png,normal/normal (32)_mask.png
normal (33).png,normal/normal (33).png,normal/normal (33)_mask.png
normal (34).png,normal/normal (34).png,normal/normal (34)_mask.png
normal (35).png,normal/normal (35).png,normal/normal (35)_mask.png
normal (36).png,normal/normal (36).png,normal/normal (36)_mask.png
normal (37).png,normal/normal (37).png,normal/normal (37)_mask.png
normal (38).png,normal/normal (38).png,normal/normal (38)_mask.png
normal (39).png,normal/normal (39).png,normal/normal (39)_mask.png
normal (4).png,normal/normal (4).png,normal/normal (4)_mask.png
normal (40).png,normal/normal (40).png,normal/normal (40)_mask.png
normal (41).png,normal/normal (41).png,normal/normal (41)_mask.png
normal (42).png,normal/normal (42).png,normal/normal (42)_mask.png
normal (43).png,normal/normal (43).png,normal/normal (43)_mask.png
normal (44).png,normal/normal (44).png,normal/normal (44)_mask.png
normal (45).png,normal/normal (45).png,normal/normal (45)_mask.png
normal (46).png,normal/normal (46).png,normal/normal (46)_mask.png
normal (47).png,normal/normal (47).png,normal/normal (47)_mask.png
normal (48).png,normal/normal (48).png,normal/normal (48)_mask.png
normal (49).png,normal/normal (49).png,normal/normal (49)_mask.png
normal (5).png,normal/normal (5).png,normal/normal (5)_mask.png
normal (50).png,normal/normal (50).png,normal/normal (50)_mask.png
normal (51).png,normal/normal (51).png,normal/normal (51)_mask.png
normal (52).png,normal/normal (52).png,normal/normal (52)_mask.png
normal (53).png,normal/normal (53).png,normal/normal (53)_mask.png
normal (54).png,normal/normal (54).png,normal/normal (54)_mask.png
normal (55).png,normal/normal (55).png,normal/normal (55)_mask.png
normal (56).png,normal/normal (56).png,normal/normal (56)_mask.png
normal (57).png,normal/normal (57).png,normal/normal (57)_mask.png
normal (58).png,normal/normal (58).png,normal/normal (58)_mask.png
normal (59).png,normal/normal (59).png,normal/normal (59)_mask.png
normal (6).png,normal/normal (6).png,normal/normal (6)_mask.png
normal (60).png,normal/normal (60).png,normal/normal (60)_mask.png
normal (61).png,normal/normal (61).png,normal/normal (61)_mask.png
normal (62).png,normal/normal (62).png,normal/normal (62)_mask.png
normal (63).png,normal/normal (63).png,normal/normal (63)_mask.png
normal (64).png,normal/normal (64).png,normal/normal (64)_mask.png
normal (65).png,normal/normal (65).png,normal/normal (65)_mask.png
normal (66).png,normal/normal (66).png,normal/normal (66)_mask.png
normal (67).png,normal/normal (67).png,normal/normal (67)_mask.png
normal (68).png,normal/normal (68).png,normal/normal (68)_mask.png
normal (69).png,normal/normal (69).png,normal/normal (69)_mask.png
normal (7).png,normal/normal (7).png,normal/normal (7)_mask.png
normal (70).png,normal/normal (70).png,normal/normal (70)_mask.png
normal (71).png,normal/normal (71).png,normal/normal (71)_mask.png
normal (72).png,normal/normal (72).png,normal/normal (72)_mask.png
normal (73).png,normal/normal (73).png,normal/normal (73)_mask.png
normal (74).png,normal/normal (74).png,normal/normal (74)_mask.png
normal (75).png,normal/normal (75).png,normal/normal (75)_mask.png
normal (76).png,normal/normal (76).png,normal/normal (76)_mask.png
normal (77).png,normal/normal (77).png,normal/normal (77)_mask.png
normal (78).png,normal/normal (78).png,normal/normal (78)_mask.png
normal (79).png,normal/normal (79).png,normal/normal (79)_mask.png
normal (8).png,normal/normal (8).png,normal/normal (8)_mask.png
normal (80).png,normal/normal (80).png,normal/normal (80)_mask.png
normal (81).png,normal/normal (81).png,normal/normal (81)_mask.png
normal (82).png,normal/normal (82).png,normal/normal (82)_mask.png
normal (83).png,normal/normal (83).png,normal/normal (83)_mask.png
normal (84).png,normal/normal (84).png,normal/normal (84)_mask.png
normal (85).png,normal/normal (85).png,normal/normal (85)_mask.png
normal (86).png,normal/normal (86).png,normal/normal (86)_mask.png
normal (87).png,normal/normal (87).png,normal/normal (87)_mask.png
normal (88).png,normal/normal (88).png,normal/normal (88)_mask.png
normal (89).png,normal/normal (89).png,normal/normal (89)_mask.png
normal (9).png,normal/normal (9).png,normal/normal (9)_mask.png
normal (90).png,normal/normal (90).png,normal/normal (90)_mask.png
normal (91).png,normal/normal (91).png,normal/normal (91)_mask.png
normal (92).png,normal/normal (92).png,normal/normal (92)_mask.png
normal (93).png,normal/normal (93).png,normal/normal (93)_mask.png
normal (94).png,normal/normal (94).png,normal/normal (94)_mask.png
normal (95).png,normal/normal (95).png,normal/normal (95)_mask.png
normal (96).png,normal/normal (96).png,normal/normal (96)_mask.png
normal (97).png,normal/normal (97).png,normal/normal (97)_mask.png
normal (98).png,normal/normal (98).png,normal/normal (98)_mask.png
normal (99).png,normal/normal (99).png,normal/normal (99)_mask.png
